"#4C4F56","Abbey"
"#1B1404","Acadia"
"#7CB0A1","Acapulco"
"#6A5D1B","Acorn"
"#C9FFE5","Aero Blue"
"#714693","Affair"
"#86560A","Afghan Tan"
"#D4C4A8","Akaroa"
"#FFFFFF","Alabaster"
"#F5E9D3","Albescent White"
"#9B4703","Alert Tan"
"#0076A3","Allports"
"#907B71","Almond Frost"
"#AF8F2C","Alpine"
"#DBDBDB","Alto"
"#A9ACB6","Aluminium"
"#3B7A57","Amazon"
"#87756E","Americano"
"#A397B4","Amethyst Smoke"
"#F9EAF3","Amour"
"#7B9F80","Amulet"
"#9DE5FF","Anakiwa"
"#704A07","Antique Brass"
"#E0B646","Anzac"
"#DFBE6F","Apache"
"#4FA83D","Apple"
"#AF4D43","Apple Blossom"
"#E2F3EC","Apple Green"
"#EB9373","Apricot"
"#FFFEEC","Apricot White"
"#A1DAD7","Aqua"
"#EDF5F5","Aqua Haze"
"#EAF9F5","Aqua Spring"
"#E8F5F2","Aqua Squeeze"
"#014B43","Aquamarine"
"#110C6C","Arapawa"
"#433E37","Armadillo"
"#948771","Arrowtown"
"#C6C3B5","Ash"
"#2E1905","Ash Brown"
"#130A06","Asphalt"
"#FAEAB9","Astra"
"#327DA0","Astral"
"#283A77","Astronaut"
"#013E62","Astronaut Blue"
"#EEF0F3","Athens Gray"
"#ECEBCE","Aths Special"
"#97CD2D","Atlantis"
"#0A6F75","Atoll"
"#314459","Atomic"
"#97605D","Au Chico"
"#3B0910","Aubergine"
"#F5FFBE","Australian Mint"
"#888D65","Avocado"
"#4E6649","Axolotl"
"#F7C8DA","Azalea"
"#0D1C19","Aztec"
"#315BA1","Azure"
"#026395","Bahama Blue"
"#A5CB0C","Bahia"
"#FFF8D1","Baja White"
"#859FAF","Bali Hai"
"#2A2630","Baltic Sea"
"#DA6304","Bamboo"
"#858470","Bandicoot"
"#130A06","Banjul"
"#DED717","Barberry"
"#A68B5B","Barley Corn"
"#FFF4CE","Barley White"
"#44012D","Barossa"
"#292130","Bastille"
"#828F72","Battleship Gray"
"#7DA98D","Bay Leaf"
"#273A81","Bay Of Many"
"#98777B","Bazaar"
"#3D0C02","Bean"
"#EEC1BE","Beauty Bush"
"#FEF2C7","Beeswax"
"#7DD8C6","Bermuda"
"#6B8BA2","Bermuda Gray"
"#DEE5C0","Beryl Green"
"#FCFBF3","Bianca"
"#162A40","Big Stone"
"#327C14","Bilbao"
"#B2A1EA","Biloba Flower"
"#373021","Birch"
"#D4CD16","Bird Flower"
"#1B3162","Biscay"
"#497183","Bismark"
"#C1B7A4","Bison Hide"
"#868974","Bitter"
"#CAE00D","Bitter Lemon"
"#EEDEDA","Bizarre"
"#081910","Black Bean"
"#0B1304","Black Forest"
"#F6F7F7","Black Haze"
"#251706","Black Magic"
"#3E2C1C","Black Marlin"
"#041322","Black Pearl"
"#0E0E18","Black Pepper"
"#0D0332","Black Rock"
"#67032D","Black Rose"
"#0A001C","Black Russian"
"#F2FAFA","Black Squeeze"
"#FFFEF6","Black White"
"#4D0135","Blackberry"
"#32293A","Blackcurrant"
"#261105","Blackwood"
"#F5E9D3","Blanc"
"#FEF3D8","Bleach White"
"#2C2133","Bleached Cedar"
"#DCB4BC","Blossom"
"#041322","Blue Bark"
"#496679","Blue Bayoux"
"#220878","Blue Bell"
"#F1E9FF","Blue Chalk"
"#010D1A","Blue Charcoal"
"#0C8990","Blue Chill"
"#380474","Blue Diamond"
"#204852","Blue Dianne"
"#2C0E8C","Blue Gem"
"#BFBED8","Blue Haze"
"#017987","Blue Lagoon"
"#7666C6","Blue Marguerite"
"#D2F6DE","Blue Romance"
"#748881","Blue Smoke"
"#016162","Blue Stone"
"#042E4C","Blue Whale"
"#13264D","Blue Zodiac"
"#18587A","Blumine"
"#B44668","Blush"
"#E47698","Blush, Deep"
"#1C1208","Bokara Gray"
"#AFB1B8","Bombay"
"#E5E0E1","Bon Jour"
"#02478E","Bondi Blue"
"#E4D1C0","Bone"
"#5C0120","Bordeaux"
"#4E2A5A","Bossanova"
"#3B91B4","Boston Blue"
"#C7DDE5","Botticelli"
"#093624","Bottle Green"
"#7A7A7A","Boulder"
"#AE809E","Bouquet"
"#BA6F1E","Bourbon"
"#4A2A04","Bracken"
"#DEC196","Brandy"
"#CD8429","Brandy Punch"
"#BB8983","Brandy Rose"
"#886221","Brazil"
"#5DA19F","Breaker Bay"
"#FFFAF4","Bridal Heath"
"#FEF0EC","Bridesmaid"
"#3C4151","Bright Gray"
"#B10000","Bright Red"
"#FED33C","Bright Sun"
"#ABA196","Bronco"
"#3F2109","Bronze"
"#4E420C","Bronze Olive"
"#4A3004","Bronze, Deep"
"#4D400F","Bronzetone"
"#FFEC13","Broom"
"#592804","Brown Bramble"
"#492615","Brown Derby"
"#401801","Brown Pod"
"#E7FEFF","Bubbles"
"#622F30","Buccaneer"
"#A8AE9C","Bud"
"#C1A004","Buddha Gold"
"#480607","Bulgarian Rose"
"#864D1E","Bull Shot"
"#0D1117","Bunker"
"#151F4C","Bunting"
"#770F05","Burgundy"
"#002E20","Burnham"
"#D99376","Burning Sand"
"#65000B","Burnt Crimson"
"#0D2E1C","Bush"
"#F3AD16","Buttercup"
"#A1750D","Buttered Rum"
"#624E9A","Butterfly Bush"
"#FFF1B5","Buttermilk"
"#FFFCEA","Buttery White"
"#4D0A18","Cab Sav"
"#D94972","Cabaret"
"#3F4C3A","Cabbage Pont"
"#587156","Cactus"
"#B04C6A","Cadillac"
"#6F440C","Cafe Royale"
"#E0C095","Calico"
"#FE9D04","California"
"#31728D","Calypso"
"#00581A","Camarone"
"#893456","Camelot"
"#D9B99B","Cameo"
"#3C3910","Camouflage"
"#D591A4","Can Can"
"#F3FB62","Canary"
"#FCD917","Candlelight"
"#251706","Cannon Black"
"#894367","Cannon Pink"
"#A8A589","Canvas"
"#3C4443","Cape Cod"
"#FEE5AC","Cape Honey"
"#A26645","Cape Palliser"
"#DCEDB4","Caper"
"#062A78","Capri"
"#FFDDAF","Caramel"
"#EEEEE8","Cararra"
"#01361C","Cardin Green"
"#8C055E","Cardinal"
"#D29EAA","Careys Pink"
"#EA88A8","Carissma"
"#F3FFD8","Carla"
"#5C2E01","Carnaby Tan"
"#F9E0ED","Carousel Pink"
"#F8B853","Casablanca"
"#2F6168","Casal"
"#8BA9A5","Cascade"
"#E6BEA5","Cashmere"
"#ADBED1","Casper"
"#52001F","Castro"
"#062A78","Catalina Blue"
"#EEF6F7","Catskill White"
"#E3BEBE","Cavern Pink"
"#9771B5","Ce Soir"
"#3E1C14","Cedar"
"#711A00","Cedar Wood Finish"
"#B8C25D","Celery"
"#D1D2CA","Celeste"
"#1E385B","Cello"
"#163222","Celtic"
"#8D7662","Cement"
"#FCFFF9","Ceramic"
"#FFF4F3","Chablis"
"#516E3D","Chalet Green"
"#EED794","Chalky"
"#354E8C","Chambray"
"#EDDCB1","Chamois"
"#FAECCC","Champagne"
"#F8C3DF","Chantilly"
"#292937","Charade"
"#FFF3F1","Chardon"
"#FFCD8C","Chardonnay"
"#BAEEF9","Charlotte"
"#D47494","Charm"
"#40A860","Chateau Green"
"#BDB3C7","Chatelle"
"#175579","Chathams Blue"
"#83AA5D","Chelsea Cucumber"
"#9E5302","Chelsea Gem"
"#DFCD6F","Chenin"
"#FCDA98","Cherokee"
"#2A0359","Cherry Pie"
"#651A14","Cherrywood"
"#F8D9E9","Cherub"
"#8581D9","Chetwode Blue"
"#5D5C58","Chicago"
"#F1FFC8","Chiffon"
"#F77703","Chilean Fire"
"#FFFDE6","Chilean Heath"
"#FCFFE7","China Ivory"
"#CEC7A7","Chino"
"#A8E3BD","Chinook"
"#370202","Chocolate"
"#33036B","Christalle"
"#67A712","Christi"
"#E7730A","Christine"
"#E8F1D4","Chrome White"
"#773F1A","Cigar"
"#0E0E18","Cinder"
"#FDE1DC","Cinderella"
"#7B3F00","Cinnamon"
"#55280C","Cioccolato"
"#FAF7D6","Citrine White"
"#9EA91F","Citron"
"#A1C50A","Citrus"
"#480656","Clairvoyant"
"#D4B6AF","Clam Shell"
"#7F1734","Claret"
"#FBCCE7","Classic Rose"
"#8A8360","Clay Creek"
"#E9FFFD","Clear Day"
"#E96E00","Clementine"
"#371D09","Clinker"
"#C7C4BF","Cloud"
"#202E54","Cloud Burst"
"#ACA59F","Cloudy"
"#384910","Clover"
"#062A78","Cobalt"
"#481C1C","Cocoa Bean"
"#301F1E","Cocoa Brown"
"#F8F7DC","Coconut Cream"
"#0B0B0B","Cod Gray"
"#706555","Coffee"
"#2A140E","Coffee Bean"
"#9F381D","Cognac"
"#3F2500","Cola"
"#ABA0D9","Cold Purple"
"#CEBABA","Cold Turkey"
"#FFEDBC","Colonial White"
"#5C5D75","Comet"
"#517C66","Como"
"#C9D9D2","Conch"
"#7C7B7A","Concord"
"#F2F2F2","Concrete"
"#E9D75A","Confetti"
"#593737","Congo Brown"
"#ACDD4D","Conifer"
"#C6726B","Contessa"
"#7E3A15","Copper Canyon"
"#944747","Copper Rust"
"#C7BCA2","Coral"
"#FFDCD6","Coral Candy"
"#A86B6B","Coral Tree"
"#606E68","Corduroy"
"#C4D0B0","Coriander"
"#40291D","Cork"
"#E7BF05","Corn"
"#F8FACD","Corn Field"
"#8B6B0B","Corn Harvest"
"#FFB0AC","Cornflower"
"#FAD3A2","Corvette"
"#76395D","Cosmic"
"#FFD8D9","Cosmos"
"#615D30","Costa Del Sol"
"#C2BDB6","Cotton Seed"
"#01371A","County Green"
"#051657","Cove Gray"
"#051040","Cove, Deep"
"#4D282D","Cowboy"
"#A02712","Crab Apple"
"#B95140","Crail"
"#B6316C","Cranberry"
"#462425","Crater Brown"
"#FFE5A0","Cream Brulee"
"#F5C85C","Cream Can"
"#FFFC99","Creme De Banane"
"#1E0F04","Creole"
"#737829","Crete"
"#736D58","Crocodile"
"#771F1F","Crown Of Thorns"
"#1C1208","Crowshead"
"#B5ECDF","Cruise"
"#004816","Crusoe"
"#FD7B33","Crusta"
"#2A140E","Cuban Tan"
"#924321","Cumin"
"#FDFFD5","Cumulus"
"#FBBEDA","Cupid"
"#2596D1","Curious Blue"
"#507672","Cutty Sark"
"#003E40","Cyprus"
"#012731","Daintree"
"#F9E4BC","Dairy Cream"
"#4F2398","Daisy Bush"
"#6E4B26","Dallas"
"#6093D1","Danube"
"#A6A29A","Dawn"
"#F3E9E5","Dawn Pink"
"#7AC488","De York"
"#D2DA97","Deco"
"#01826B","Deep Sea"
"#B09A95","Del Rio"
"#396413","Dell"
"#A4A49D","Delta"
"#7563A8","Deluge"
"#FFEED8","Derby"
"#AE6020","Desert"
"#F8F8F7","Desert Storm"
"#EAFFFE","Dew"
"#DB995E","Di Serria"
"#130000","Diesel"
"#5D7747","Dingley"
"#871550","Disco"
"#E29418","Dixie"
"#F9FF8B","Dolly"
"#646077","Dolphin"
"#8E775E","Domino"
"#5D4C51","Don Juan"
"#A69279","Donkey Brown"
"#6B5755","Dorado"
"#EEE3AD","Double Colonial White"
"#FCF4D0","Double Pearl Lusta"
"#E6D7B9","Double Spanish White"
"#6D6C6C","Dove Gray"
"#092256","Downriver"
"#6FD0C5","Downy"
"#AF8751","Driftwood"
"#FDF7AD","Drover"
"#383533","Dune"
"#E5CCC9","Dust Storm"
"#A8989B","Dusty Gray"
"#FFF8D1","Dutch White"
"#B6BAA4","Eagle"
"#C9B93B","Earls Green"
"#FFF9E6","Early Dawn"
"#414C7D","East Bay"
"#AC91CE","East Side"
"#1E9AB0","Eastern Blue"
"#E9E3E3","Ebb"
"#0C0B1D","Ebony"
"#26283B","Ebony Clay"
"#3C2005","Ebony, Dark"
"#AFBDD9","Echo Blue"
"#311C17","Eclipse"
"#F5F3E5","Ecru White"
"#FA7814","Ecstasy"
"#105852","Eden"
"#C8E3D7","Edgewater"
"#A2AEAB","Edward"
"#FFF4DD","Egg Sour"
"#FFEFC1","Egg White"
"#1E1708","El Paso"
"#8F3E33","El Salva"
"#123447","Elephant"
"#088370","Elf Green"
"#1C7C7D","Elm"
"#A02712","Embers"
"#6C3082","Eminence"
"#514649","Emperor"
"#817377","Empress"
"#0056A7","Endeavour"
"#F8DD5C","Energy Yellow"
"#022D15","English Holly"
"#3E2B23","English Walnut"
"#8BA690","Envy"
"#E1BC64","Equator"
"#612718","Espresso"
"#211A0E","Eternity"
"#278A5B","Eucalyptus"
"#CFA39D","Eunry"
"#024E46","Evening Sea"
"#1C402E","Everglade"
"#FFEFEC","Fair Pink"
"#7F626D","Falcon"
"#FAF3F0","Fantasy"
"#796A78","Fedora"
"#9FDD8C","Feijoa"
"#0A480D","Fern"
"#657220","Fern Frond"
"#704F50","Ferra"
"#FBE96C","Festival"
"#F0FCEA","Feta"
"#B35213","Fiery Orange"
"#657220","Fiji Green"
"#626649","Finch"
"#556D56","Finlandia"
"#692D54","Finn"
"#405169","Fiord"
"#002900","Fir, Deep"
"#AA4203","Fire"
"#E89928","Fire Bush"
"#0E2A30","Firefly"
"#DA5B38","Flame Pea"
"#C7031E","Flame Red"
"#FF7D07","Flamenco"
"#F2552A","Flamingo"
"#7B8265","Flax"
"#6F6A61","Flint"
"#A2006D","Flirt"
"#D8FCFA","Foam"
"#D7D0FF","Fog"
"#CBCAB6","Foggy Gray"
"#182D09","Forest Green"
"#FFF1EE","Forget Me Not"
"#56B4BE","Fountain Blue"
"#FFDEB3","Frangipani"
"#BDBDC6","French Gray"
"#ECC7EE","French Lilac"
"#BDEDFD","French Pass"
"#807E79","Friar Gray"
"#B1E2C1","Fringy Flower"
"#F57584","Froly"
"#EDF5DD","Frost"
"#DBFFF8","Frosted Mint"
"#E4F6E7","Frostee"
"#4F9D5D","Fruit Salad"
"#7A58C1","Fuchsia"
"#BEDE0D","Fuego"
"#ECA927","Fuel Yellow"
"#1959A8","Fun Blue"
"#016D39","Fun Green"
"#54534D","Fuscous Gray"
"#163531","Gable Green"
"#EFEFEF","Gallery"
"#DCB20C","Galliano"
"#D18F1B","Geebung"
"#15736B","Genoa"
"#FB8989","Geraldine"
"#D4DFE2","Geyser"
"#C7C9D5","Ghost"
"#523C94","Gigas"
"#B8B56A","Gimblet"
"#E8F2EB","Gin"
"#FFF9E2","Gin Fizz"
"#F8E4BF","Givry"
"#80B3C4","Glacier"
"#61845F","Glade Green"
"#726D4E","Go Ben"
"#3D7D52","Goblin"
"#F18200","Gold Drop"
"#DEBA13","Gold Tips"
"#E28913","Golden Bell"
"#F0D52D","Golden Dream"
"#F5FB3D","Golden Fizz"
"#FDE295","Golden Glow"
"#F0DB7D","Golden Sand"
"#FFCC5C","Golden Tainoi"
"#261414","Gondola"
"#0B1107","Gordons Green"
"#FFF14F","Gorse"
"#069B81","Gossamer"
"#D2F8B0","Gossip"
"#6D92A1","Gothic"
"#2F3CB3","Governor Bay"
"#E4D5B7","Grain Brown"
"#FFD38C","Grandis"
"#8D8974","Granite Green"
"#D5F6E3","Granny Apple"
"#84A0A0","Granny Smith"
"#381A51","Grape"
"#251607","Graphite"
"#7C7631","Grass Hopper"
"#4A444B","Gravel"
"#A2AAB3","Gray Chateau"
"#454936","Gray Green"
"#C3C3BD","Gray Nickel"
"#E7ECE6","Gray Nurse"
"#A9A491","Gray Olive"
"#C1BECD","Gray Suit"
"#24500F","Green House"
"#25311C","Green Kelp"
"#436A0D","Green Leaf"
"#CBD3B0","Green Mist"
"#1D6142","Green Pea"
"#A4AF6E","Green Smoke"
"#B8C1B1","Green Spring"
"#032B52","Green Vogue"
"#101405","Green Waterloo"
"#E8EBE0","Green White"
"#003E40","Greenstone"
"#D54600","Grenadier"
"#BA0101","Guardsman Red"
"#051657","Gulf Blue"
"#80B3AE","Gulf Stream"
"#9DACB7","Gull Gray"
"#B6D3BF","Gum Leaf"
"#7CA1A6","Gumbo"
"#414257","Gun Powder"
"#020D15","Gunmetal"
"#828685","Gunsmoke"
"#9A9577","Gurkha"
"#98811B","Hacienda"
"#6B2A14","Hairy Heath"
"#1B1035","Haiti"
"#FFFEE1","Half And Half"
"#85C4CC","Half Baked"
"#FDF6D3","Half Colonial White"
"#FEF7DE","Half Dutch White"
"#FFFCEA","Half Pearl Lusta"
"#FEF4DB","Half Spanish White"
"#E5D8AF","Hampton"
"#E6F2EA","Harp"
"#E0B974","Harvest Gold"
"#341515","Havana"
"#5590D9","Havelock Blue"
"#9D5616","Hawaiian Tan"
"#D4E2FC","Hawkes Blue"
"#541012","Heath"
"#B7C3D0","Heather"
"#B6B095","Heathered Gray"
"#2B3228","Heavy Metal"
"#5E5D3B","Hemlock"
"#907874","Hemp"
"#B6316C","Hibiscus"
"#908D39","Highball"
"#6F8E63","Highland"
"#ACA586","Hillary"
"#6A5D1B","Himalaya"
"#FCFFF9","Hint Of Gray"
"#E6FFE9","Hint Of Green"
"#F9F9F9","Hint Of Red"
"#FAFDE4","Hint Of Yellow"
"#589AAF","Hippie Blue"
"#53824B","Hippie Green"
"#AE4560","Hippie Pink"
"#A1ADB5","Hit Gray"
"#FFAB81","Hit Pink"
"#C8A528","Hokey Pokey"
"#65869F","Hoki"
"#011D13","Holly"
"#4F1C70","Honey Flower"
"#EDFC84","Honeysuckle"
"#D06DA1","Hopbush"
"#5A87A0","Horizon"
"#604913","Horses Neck"
"#8B0723","Hot Chile"
"#886221","Hot Curry"
"#480656","Hot Purple"
"#B38007","Hot Toddy"
"#CFF9F3","Humming Bird"
"#161D10","Hunter Green"
"#877C7B","Hurricane"
"#B7A458","Husk"
"#B1F4E7","Ice Cold"
"#DAF4F0","Iceberg"
"#F6A4C9","Illusion"
"#4D1E01","Indian Tan"
"#C26B03","Indochine"
"#5F3D26","Irish Coffee"
"#433120","Iroko"
"#D4D7D9","Iron"
"#411F10","Ironbark"
"#676662","Ironside Gray"
"#86483C","Ironstone"
"#FFFCEE","Island Spice"
"#2E0329","Jacaranda"
"#3A2A6A","Jacarta"
"#2E1905","Jacko Bean"
"#20208D","Jacksons Purple"
"#427977","Jade"
"#EF863F","Jaffa"
"#C2E8E5","Jagged Ice"
"#350E57","Jagger"
"#080110","Jaguar"
"#5B3013","Jambalaya"
"#F4EBD3","Janna"
"#0A6906","Japanese Laurel"
"#780109","Japanese Maple"
"#D87C63","Japonica"
"#341515","Jarrah"
"#1FC2C2","Java"
"#780109","Jazz"
"#297B9A","Jelly Bean"
"#B5D2CE","Jet Stream"
"#126B40","Jewel"
"#F5F3E5","Joanna"
"#3B1F1F","Jon"
"#EEFF9A","Jonquil"
"#8AB9F1","Jordy Blue"
"#544333","Judge Gray"
"#7C7B82","Jumbo"
"#281E15","Jungle Green"
"#B4CFD3","Jungle Mist"
"#6D9292","Juniper"
"#ECCDB9","Just Right"
"#5E483E","Kabul"
"#004620","Kaitoke Green"
"#C6C8BD","Kangaroo"
"#1E1609","Karaka"
"#FFEAD4","Karry"
"#507096","Kashmir Blue"
"#454936","Kelp"
"#7C1C05","Kenyan Copper"
"#3AB09E","Keppel"
"#E1EAD4","Kidnapper"
"#240C02","Kilamanjaro"
"#3A6A47","Killarney"
"#736C9F","Kimberly"
"#3E0480","Kingfisher Daisy"
"#1B127B","Koamaru, Deep"
"#E79FC4","Kobi"
"#6E6D57","Kokoda"
"#8F4B0E","Korma"
"#FFBD5F","Koromiko"
"#FFE772","Kournikova"
"#886221","Kumera"
"#368716","La Palma"
"#B3C110","La Rioja"
"#C6E610","Las Palmas"
"#C8B568","Laser"
"#749378","Laurel"
"#A899E6","Lavender"
"#C0D3B9","Leaf, Pale"
"#967059","Leather"
"#F4D81C","Lemon"
"#AC9E22","Lemon Ginger"
"#9B9E8F","Lemon Grass"
"#092256","Licorice"
"#FCC01E","Lightning Yellow"
"#9874D3","Lilac Bush"
"#C8AABF","Lily"
"#E7F8FF","Lily White"
"#76BD17","Lima"
"#BFC921","Lime"
"#6F9D02","Limeade"
"#747D63","Limed Ash"
"#423921","Limed Gum"
"#AC8A56","Limed Oak"
"#394851","Limed Spruce"
"#9DC209","Limerick"
"#E6E4D4","Linen"
"#D9E4F5","Link Water"
"#AB0563","Lipstick"
"#423921","Lisbon Brown"
"#4D282E","Livid Brown"
"#EEF4DE","Loafer"
"#BDC9CE","Loblolly"
"#2C8C84","Lochinvar"
"#007EC7","Lochmara"
"#A8AF8E","Locust"
"#242A1D","Log Cabin"
"#AAA9CD","Logan"
"#DFCFDB","Lola"
"#BEA6C3","London Hue"
"#6D0101","Lonestar"
"#863C3C","Lotus"
"#460B41","Loulou"
"#AF9F1C","Lucky"
"#1A1A68","Lucky Point"
"#3C493A","Lunar Green"
"#991B07","Lusty"
"#A7882C","Luxor Gold"
"#697E9A","Lynch"
"#D9F7FF","Mabel"
"#B7F0BE","Madang"
"#09255D","Madison"
"#3F3002","Madras"
"#F8F4FF","Magnolia"
"#4E0606","Mahogany"
"#B06608","Mai Tai"
"#130A06","Maire"
"#F5D5A0","Maize"
"#897D6D","Makara"
"#444954","Mako"
"#888D65","Malachite Green"
"#7DC8F7","Malibu"
"#233418","Mallard"
"#BDB2A1","Malta"
"#8E8190","Mamba"
"#AD781B","Mandalay"
"#E25465","Mandy"
"#F2C3B2","Mandys Pink"
"#F5C999","Manhattan"
"#74C365","Mantis"
"#8B9C90","Mantle"
"#EEEF78","Manz"
"#350036","Mardi Gras"
"#B98D28","Marigold"
"#286ACD","Mariner"
"#2A140E","Marlin"
"#420303","Maroon"
"#0B0F08","Marshland"
"#AFA09E","Martini"
"#363050","Martinique"
"#F8DB9D","Marzipan"
"#403B38","Masala"
"#40291D","Mash"
"#1B659D","Matisse"
"#B05D54","Matrix"
"#4E3B41","Matterhorn"
"#D8C2D5","Maverick"
"#AF8751","Mckenzie"
"#E4C2D5","Melanie"
"#300529","Melanzane"
"#C7C1FF","Melrose"
"#5D1E0F","Meranti"
"#E5E5E5","Mercury"
"#F6F0E6","Merino"
"#413C37","Merlin"
"#831923","Merlot"
"#49371B","Metallic Bronze"
"#71291D","Metallic Copper"
"#D07D12","Meteor"
"#3C1F76","Meteorite"
"#A72525","Mexican Red"
"#5F5F6E","Mid Gray"
"#011635","Midnight"
"#000741","Midnight Express"
"#041004","Midnight Moss"
"#2D2510","Mikado"
"#FAFFA4","Milan"
"#B81104","Milano Red"
"#FFF6D4","Milk Punch"
"#F6F0E6","Milk White"
"#594433","Millbrook"
"#F8FDD3","Mimosa"
"#E3F988","Mindaro"
"#323232","Mine Shaft"
"#3F5D53","Mineral Green"
"#36747D","Ming"
"#3F307F","Minsk"
"#F1EEC1","Mint Julep"
"#C4F4EB","Mint Tulip"
"#161928","Mirage"
"#D1D2DD","Mischka"
"#C4C4BC","Mist Gray"
"#7F7589","Mobster"
"#6E1D14","Moccaccino"
"#782D19","Mocha"
"#C04737","Mojo"
"#FFA194","Mona Lisa"
"#8B0723","Monarch"
"#4A3C30","Mondo"
"#B5A27F","Mongoose"
"#8A8389","Monsoon"
"#291E30","Montana"
"#83D0C6","Monte Carlo"
"#C7031E","Monza"
"#7F76D3","Moody Blue"
"#FCFEDA","Moon Glow"
"#DCDDCC","Moon Mist"
"#D6CEF6","Moon Raker"
"#FCD917","Moon Yellow"
"#9EDEE0","Morning Glory"
"#441D00","Morocco Brown"
"#504351","Mortar"
"#123447","Mosaic"
"#036A6E","Mosque"
"#959396","Mountain Mist"
"#B78E5C","Muddy Waters"
"#AA8B5B","Muesli"
"#5C0536","Mulberry"
"#8C472F","Mule Fawn"
"#4E4562","Mulled Wine"
"#74640D","Mustard"
"#D69188","My Pink"
"#FFB31F","My Sin"
"#E2EBED","Mystic"
"#4B5D52","Nandor"
"#ACA494","Napa"
"#EDF9F1","Narvik"
"#86560A","Natural"
"#CBDBD6","Nebula"
"#FFE2C5","Negroni"
"#8EABC1","Nepal"
"#7CB7BB","Neptune"
"#140600","Nero"
"#ACA586","Neutral Green"
"#646E75","Nevada"
"#7B3801","New Amber"
"#F3D69D","New Orleans"
"#D7837F","New York Pink"
"#06A189","Niagara"
"#1F120F","Night Rider"
"#AA375A","Night Shadz"
"#660045","Nightclub"
"#193751","Nile Blue"
"#B7B1B1","Nobel"
"#BAB1A2","Nomad"
"#012731","Nordic"
"#A8BD9F","Norway"
"#C59922","Nugget"
"#81422C","Nutmeg"
"#683600","Nutmeg Wood Finish"
"#612718","Oak, Dark"
"#412010","Oak, Deep"
"#FEEFCE","Oasis"
"#02866F","Observatory"
"#41AA78","Ocean Green"
"#E6F8F3","Off Green"
"#FEF9E3","Off Yellow"
"#281E15","Oil"
"#7C1C05","Oiled Cedar"
"#901E1E","Old Brick"
"#724A2F","Old Copper"
"#242E16","Olive Green"
"#8B8470","Olive Haze"
"#716E10","Olivetone"
"#CDF4FF","Onahau"
"#2F270E","Onion"
"#A9C6C2","Opal"
"#8E6F70","Opium"
"#377475","Oracle"
"#C45719","Orange Roughy"
"#FEFCED","Orange White"
"#FFFDF3","Orchid White"
"#9B4703","Oregon"
"#015E85","Orient"
"#C69191","Oriental Pink"
"#F3FBD4","Orinoco"
"#878D91","Oslo Gray"
"#E9F8ED","Ottoman"
"#051040","Outer Space"
"#384555","Oxford Blue"
"#779E86","Oxley"
"#DAFAFF","Oyster Bay"
"#E9CECD","Oyster Pink"
"#988D77","Oyster, Pale"
"#A65529","Paarl"
"#776F61","Pablo"
"#778120","Pacifika"
"#411F10","Paco"
"#ADE6C4","Padua"
"#09230F","Palm Green"
"#19330E","Palm Leaf"
"#F4F2EE","Pampas"
"#EAF6EE","Panache"
"#EDCDAB","Pancho"
"#423921","Panda"
"#8D0226","Paprika"
"#317D82","Paradiso"
"#F1E9D2","Parchment"
"#FFF46E","Paris Daisy"
"#26056A","Paris M"
"#CADCD4","Paris White"
"#134F19","Parsley"
"#639A8F","Patina"
"#DEF5FF","Pattens Blue"
"#260368","Paua"
"#D7C498","Pavlova"
"#CFE5D2","Pea Soup"
"#FFF0DB","Peach"
"#FFDCD6","Peach Schnapps"
"#782F16","Peanut"
"#E8E0D5","Pearl Bush"
"#FCF4DC","Pearl Lusta"
"#716B56","Peat"
"#3EABBF","Pelorous"
"#E3F5E1","Peppermint"
"#A9BEF2","Perano"
"#D0BEF8","Perfume"
"#E1E6D6","Periglacial Blue"
"#701C1C","Persian Plum"
"#520C17","Persian Red"
"#FF6B53","Persimmon"
"#7F3A02","Peru Tan"
"#7C7631","Pesto"
"#DB9690","Petite Orchid"
"#96A8A1","Pewter"
"#A3807B","Pharlap"
"#FFF39D","Picasso"
"#3F4C3A","Pickled Aspen"
"#6E4826","Pickled Bean"
"#314459","Pickled Bluewood"
"#45B1E8","Picton Blue"
"#AFBDD9","Pigeon Post"
"#6D5E54","Pine Cone"
"#C7CD90","Pine Glade"
"#171F04","Pine Tree"
"#E1C0C8","Pink Flare"
"#FFDDF4","Pink Lace"
"#FFF1D8","Pink Lady"
"#BEB5B7","Pink Swan"
"#C96323","Piper"
"#FEF4CC","Pipi"
"#FFE1DF","Pippin"
"#BA7F03","Pirate Gold"
"#9DC209","Pistachio"
"#C0D8B6","Pixie Green"
"#FF9000","Pizazz"
"#C99415","Pizza"
"#27504B","Plantation"
"#615D30","Planter"
"#410056","Plum"
"#8F021C","Pohutukawa"
"#E5F9F6","Polar"
"#8DA8CC","Polo Blue"
"#660045","Pompadour"
"#EFF2F3","Porcelain"
"#EAAE69","Porsche"
"#251F4F","Port Gore"
"#FFFFB4","Portafino"
"#8B9FEE","Portage"
"#F9E663","Portica"
"#F5E7E2","Pot Pourri"
"#8C5738","Potters Clay"
"#BCC9C2","Powder Blue"
"#9A3820","Prairie Sand"
"#D0C0E5","Prelude"
"#F0E2EC","Prim"
"#FDFEB8","Prim, Pale"
"#EDEA99","Primrose"
"#FCFFE7","Promenade"
"#FEF5F1","Provincial Pink"
"#003153","Prussian Blue"
"#7D2C14","Pueblo"
"#3FC1AA","Puerto Rico"
"#C2CAC4","Pumice"
"#B1610B","Pumpkin"
"#DC4333","Punch"
"#4D3D14","Punga"
"#E7CD8C","Putty"
"#FFFDF4","Quarter Pearl Lusta"
"#F7F2E1","Quarter Spanish White"
"#BD978E","Quicksand"
"#D6D6D1","Quill Gray"
"#623F2D","Quincy"
"#0C1911","Racing Green"
"#EADAB8","Raffia"
"#778120","Rain Forest"
"#7B7C94","Raincloud"
"#B9C8AC","Rainee"
"#F7B668","Rajah"
"#2E3222","Rangitoto"
"#1C1E13","Rangoon Green"
"#727B89","Raven"
"#3C1206","Rebel"
"#7B3801","Red Beech"
"#8E0000","Red Berry"
"#DA6A41","Red Damask"
"#860111","Red Devil"
"#6E0902","Red Oxide"
"#80341F","Red Robin"
"#D05F04","Red Stage"
"#5D1E0F","Redwood"
"#C9FFA2","Reef"
"#9F821C","Reef Gold"
"#013F6A","Regal Blue"
"#86949F","Regent Gray"
"#AAD6E6","Regent St Blue"
"#FEEBF3","Remy"
"#A86515","Reno Sand"
"#002387","Resolution Blue"
"#2C1632","Revolver"
"#2E3F62","Rhino"
"#660045","Ribbon"
"#FFFEF0","Rice Cake"
"#EEFFE2","Rice Flower"
"#A85307","Rich Gold"
"#5F3D26","Rimu, Dark"
"#BBD009","Rio Grande"
"#8BE6D8","Riptide"
"#434C59","River Bed"
"#EAC674","Rob Roy"
"#BDC8B3","Robins Egg Blue"
"#4D3833","Rock"
"#9EB1CD","Rock Blue"
"#FFFFFF","Rock Salt"
"#BA450C","Rock Spray"
"#C9B29B","Rodeo Dust"
"#747D83","Rolling Stone"
"#DE6360","Roman"
"#795D4C","Roman Coffee"
"#FFFEFD","Romance"
"#FFD2B7","Romantic"
"#ECC54E","Ronchi"
"#A62F20","Roof Terracotta"
"#8E4D1E","Rope"
"#E7BCB4","Rose"
"#FBB2A3","Rose Bud"
"#800B47","Rose Bud Cherry"
"#BF5500","Rose Of Sharon"
"#FFF6F5","Rose White"
"#FFE1F2","Rose, Pale"
"#65000B","Rosewood"
"#C6A84B","Roti"
"#A23B6C","Rouge"
"#AB3472","Royal Heath"
"#796989","Rum"
"#F9F8E4","Rum Swizzle"
"#412010","Rum, Dark"
"#755A57","Russett"
"#480404","Rustic Red"
"#86560A","Rusty Nail"
"#4C3024","Saddle"
"#583401","Saddle Brown"
"#F9BF58","Saffron"
"#9EA587","Sage"
"#B7A214","Sahara"
"#B8E0F9","Sail"
"#097F4B","Salem"
"#FEDB8D","Salomie"
"#685E6E","Salt Box"
"#F1F7F2","Saltpan"
"#3A2010","Sambuca"
"#0B6207","San Felix"
"#304B6A","San Juan"
"#456CAC","San Marino"
"#826F65","Sand Dune"
"#AA8D6F","Sandal"
"#AB917A","Sandrift"
"#796D62","Sandstone"
"#F5E7A2","Sandwisp"
"#FFEAC8","Sandy Beach"
"#92000A","Sangria"
"#8D3D38","Sanguine Brown"
"#B16D52","Santa Fe"
"#9FA0B1","Santas Gray"
"#DED4A4","Sapling"
"#2F519E","Sapphire"
"#555B10","Saratoga"
"#FFF5F3","Sauvignon"
"#FFF4E0","Sazerac"
"#675FA6","Scampi"
"#CFFAF4","Scandal"
"#431560","Scarlet Gum"
"#950015","Scarlett"
"#585562","Scarpa Flow"
"#A9B497","Schist"
"#8B847E","Schooner"
"#2EBFD4","Scooter"
"#695F62","Scorpion"
"#FFFBDC","Scotch Mist"
"#2E3222","Scrub"
"#FBA129","Sea Buckthorn"
"#FCFFF9","Sea Fog"
"#095859","Sea Green"
"#C5DBCA","Sea Mist"
"#78A39C","Sea Nymph"
"#ED989E","Sea Pink"
"#80CCEA","Seagull"
"#731E8F","Seance"
"#F1F1F1","Seashell"
"#1B2F11","Seaweed"
"#F0EEFD","Selago"
"#2B0202","Sepia"
"#FFF4E8","Serenade"
"#9AC2B8","Shadow Green"
"#AAA5A9","Shady Lady"
"#4EABD1","Shakespeare"
"#FBFFBA","Shalimar"
"#25272C","Shark"
"#004950","Sherpa Blue"
"#02402C","Sherwood Green"
"#E8B9B3","Shilo"
"#6B4E31","Shingle Fawn"
"#788BBA","Ship Cove"
"#3E3A44","Ship Gray"
"#B20931","Shiraz"
"#E292C0","Shocking"
"#5F6672","Shuttle Gray"
"#646A54","Siam"
"#F3E7BB","Sidecar"
"#BDB1A8","Silk"
"#ACACAC","Silver Chalice"
"#BFC1C2","Silver Sand"
"#66B58F","Silver Tree"
"#9FD7D3","Sinbad"
"#7A013A","Siren"
"#718080","Sirocco"
"#D3CBBA","Sisal"
"#CAE6DA","Skeptic"
"#6E7783","Sky, Pale"
"#394851","Slate, Dark"
"#C3BFC1","Slate, Pale"
"#412010","Slugger"
"#51808F","Smalt Blue"
"#DA6304","Smoke Tree"
"#413C37","Smokey Ash"
"#605B73","Smoky"
"#F7FAF7","Snow Drift"
"#E4FFD1","Snow Flurry"
"#D6FFDB","Snowy Mint"
"#E2D8ED","Snuff"
"#FFFBF9","Soapstone"
"#D1C6B4","Soft Amber"
"#F5EDEF","Soft Peach"
"#893843","Solid Pink"
"#FEF8E2","Solitaire"
"#EAF6FF","Solitude"
"#FD7C07","Sorbus"
"#CEB98F","Sorrell Brown"
"#D1BEA8","Sour Dough"
"#6A6051","Soya Bean"
"#433120","Space Shuttle"
"#819885","Spanish Green"
"#F4EBD3","Spanish White"
"#2F5A57","Spectra"
"#6A442E","Spice"
"#885342","Spicy Mix"
"#816E71","Spicy Pink"
"#B6D1EA","Spindle"
"#FFEFC1","Splash"
"#79DEEC","Spray"
"#578363","Spring Green"
"#ACCBB1","Spring Rain"
"#F6FFDC","Spring Sun"
"#F8F6F1","Spring Wood"
"#C1D7B0","Sprout"
"#AAABB7","Spun Pearl"
"#8F8176","Squirrel"
"#2D569B","St Tropaz"
"#8A8F8A","Stack"
"#9F9F9C","Star Dust"
"#E5D7BD","Stark White"
"#ECF245","Starship"
"#262335","Steel Gray"
"#9C3336","Stiletto"
"#8B6B0B","Stinger"
"#928573","Stonewall"
"#646463","Storm Dust"
"#717486","Storm Gray"
"#000741","Stratos"
"#D4BF8D","Straw"
"#956387","Strikemaster"
"#325D52","Stromboli"
"#714AB2","Studio"
"#BAC7C9","Submarine"
"#F9FFF6","Sugar Cane"
"#C1F07C","Sulu"
"#96BBAB","Summer Green"
"#FBAC13","Sun"
"#C9B35B","Sundance"
"#FFB1B3","Sundown"
"#E4D422","Sunflower"
"#E16865","Sunglo"
"#DC4333","Sunset"
"#FF9E2C","Sunshade"
"#FFC901","Supernova"
"#BBD7C1","Surf"
"#CFE5D2","Surf Crest"
"#0C7A79","Surfie Green"
"#87AB39","Sushi"
"#888387","Suva Gray"
"#001B1C","Swamp"
"#DCF0EA","Swans Down"
"#FBEA8C","Sweet Corn"
"#FD9FA2","Sweet Pink"
"#D3CDC5","Swirl"
"#DDD6D5","Swiss Coffee"
"#908D39","Sycamore"
"#A02712","Tabasco"
"#EDB381","Tacao"
"#D6C562","Tacha"
"#E97C07","Tahiti Gold"
"#EEF0C8","Tahuna Sands"
"#B32D29","Tall Poppy"
"#A8A589","Tallow"
"#991613","Tamarillo"
"#341515","Tamarind"
"#661010","Tan, Dark"
"#D9DCC1","Tana"
"#03163C","Tangaroa"
"#E96E00","Tangerine"
"#ED7A1C","Tango"
"#7B7874","Tapa"
"#B05E81","Tapestry"
"#E1F6E8","Tara"
"#073A50","Tarawera"
"#CFDCCF","Tasman"
"#B3AF95","Taupe Gray"
"#692545","Tawny Port"
"#51808F","Tax Break"
"#1E433C","Te Papa Green"
"#C1BAB0","Tea"
"#B19461","Teak"
"#6B2A14","Teak Wood Finish"
"#044259","Teal Blue"
"#003532","Teal, Deep"
"#3B000B","Temptress"
"#FFE6C7","Tequila"
"#F8F99C","Texas"
"#FFB555","Texas Rose"
"#B69D98","Thatch"
"#403D19","Thatch Green"
"#CCCAA8","Thistle"
"#33292F","Thunder"
"#C02B18","Thunderbird"
"#C1440E","Tia Maria"
"#C3D1D1","Tiara"
"#063537","Tiber"
"#F1FFAD","Tidal"
"#BFB8B0","Tide"
"#16322C","Timber Green"
"#F0EEFF","Titan White"
"#9A6E61","Toast"
"#715D47","Tobacco Brown"
"#3E2B23","Tobago"
"#3A0020","Toledo"
"#1B0245","Tolopea"
"#3F583B","Tom Thumb"
"#E79F8C","Tonys Pink"
"#7C778A","Topaz"
"#0F2D9E","Torea Bay"
"#1450AA","Tory Blue"
"#8D3F3F","Tosca"
"#991B07","Totem Pole"
"#373021","Touch Wood"
"#A9BDBF","Tower Gray"
"#5FB3AC","Tradewind"
"#E6FFFF","Tranquil"
"#FFFDE8","Travertine"
"#FC9C1D","Tree Poppy"
"#3B2820","Treehouse"
"#7C881A","Trendy Green"
"#8C6495","Trendy Pink"
"#E64E03","Trinidad"
"#C3DDF9","Tropical Blue"
"#4A4E5A","Trout"
"#8A73D6","True V"
"#363534","Tuatara"
"#FFDDCD","Tuft Bush"
"#EAB33B","Tulip Tree"
"#37290E","Tumbleweed"
"#353542","Tuna"
"#4A4244","Tundora"
"#FAE600","Turbo"
"#B57281","Turkish Rose"
"#CABB48","Turmeric"
"#2A380B","Turtle Green"
"#BD5E2E","Tuscany"
"#EEF3C3","Tusk"
"#C5994B","Tussock"
"#FFF1F9","Tutu"
"#E4CFDE","Twilight"
"#EEFDFF","Twilight Blue"
"#C2955D","Twine"
"#D84437","Valencia"
"#350E42","Valentino"
"#2B194F","Valhalla"
"#49170C","Van Cleef"
"#D1BEA8","Vanilla"
"#F3D9DF","Vanilla Ice"
"#FFF6DF","Varden"
"#72010F","Venetian Red"
"#055989","Venice Blue"
"#928590","Venus"
"#5D5E37","Verdigris"
"#495400","Verdun Green"
"#B14A0B","Vesuvius"
"#534491","Victoria"
"#549019","Vida Loca"
"#64CCDB","Viking"
"#983D61","Vin Rouge"
"#CB8FA9","Viola"
"#290C5E","Violent Violet"
"#240A40","Violet"
"#678975","Viridian Green"
"#FFEFA1","Vis Vis"
"#8FD6B4","Vista Blue"
"#FCF8F7","Vista White"
"#651A14","Volcano"
"#533455","Voodoo"
"#10121D","Vulcan"
"#DECBC6","Wafer"
"#5A6E9C","Waikawa Gray"
"#363C0D","Waiouru"
"#773F1A","Walnut"
"#FCFFF9","Wan White"
"#788A25","Wasabi"
"#A1E9DE","Water Leaf"
"#056F57","Watercourse"
"#7B7C94","Waterloo"
"#7B7C94","Waterloo"
"#DCD747","Wattle"
"#FFDDCF","Watusi"
"#FFC0A8","Wax Flower"
"#F7DBE6","We Peep"
"#4E7F9E","Wedgewood"
"#B43332","Well Read"
"#625119","West Coast"
"#FF910F","West Side"
"#DCD9D2","Westar"
"#8B0723","Western Red"
"#F19BAB","Wewak"
"#F3EDCF","Wheatfield"
"#D59A6F","Whiskey"
"#DB995E","Whiskey Sour"
"#F7F5FA","Whisper"
"#DDF9F1","White Ice"
"#F8F7FC","White Lilac"
"#F8F0E8","White Linen"
"#FCFFE7","White Nectar"
"#FEF8FF","White Pointer"
"#EAE8D4","White Rock"
"#ECE090","Wild Rice"
"#F4F4F4","Wild Sand"
"#B9C46A","Wild Willow"
"#3A686C","William"
"#DFECDA","Willow Brook"
"#65745D","Willow Grove"
"#3C0878","Windsor"
"#591D35","Wine Berry"
"#D5D195","Winter Hazel"
"#FEF4F8","Wisp Pink"
"#9771B5","Wisteria"
"#A4A6D3","Wistful"
"#FFFC99","Witch Haze"
"#261105","Wood Bark"
"#3C2005","Woodburn"
"#4D5328","Woodland"
"#302A0F","Woodrush"
"#0C0D0F","Woodsmoke"
"#292130","Woody Bay"
"#483131","Woody Brown"
"#738678","Xanadu"
"#716338","Yellow Metal"
"#FEA904","Yellow Sea"
"#FFC3C0","Your Pink"
"#7B6608","Yukon Gold"
"#CEC291","Yuma"
"#685558","Zambezi"
"#DAECD6","Zanah"
"#E5841B","Zest"
"#292319","Zeus"
"#BFDBE2","Ziggurat"
"#F4F8FF","Zircon"
"#E4D69B","Zombie"
"#A59B91","Zorba"
"#044022","Zuccini"
"#EDF6FF","Zumthor"
"#02402C","Zydeco"